id,name,age,email
1,Rosalyn,30,rcrabtree0@businesswire.com
2,Denny,34,dyuryev1@altervista.org
3,Karrah,46,kbosnell2@i2i.jp
4,Brad,51,bforryan3@unicef.org
5,Cull,45,cbickardike4@soup.io
6,Cobbie,43,chornbuckle5@cbslocal.com
7,Lars,56,ldefries6@tiny.cc
8,Hillard,27,hmoulsdale7@blogs.com
9,Rozella,31,rsnook8@telegraph.co.uk
10,Kent,29,kdeverell9@berkeley.edu
11,Sarah,57,shaddingtona@cafepress.com
12,Mano,53,mtraiceb@last.fm
13,Jennine,46,jgreenstockc@elpais.com
14,Toma,30,tdraycottd@wikimedia.org
15,Harbert,39,hantcliffee@constantcontact.com
16,Darelle,49,dguillfordf@bbc.co.uk
17,Hester,43,hinstrellg@nsw.gov.au
18,Sky,52,sloraith@hc360.com
19,Bellina,27,bcoverdilli@dropbox.com
20,Wally,51,wrousbyj@altervista.org
21,Frederica,47,fmaccambridgek@netlog.com
22,Terrijo,42,tgulcl@latimes.com
23,Petronille,24,psimanenkom@nba.com
24,Marian,24,mbrimblecombn@bloglines.com
25,Gradeigh,59,gmadrello@freewebs.com
26,Anthia,36,aemblowp@barnesandnoble.com
27,Gabi,31,gnegriq@mozilla.org
28,Vilma,41,vattwillr@dailymail.co.uk
29,Shandy,30,ssutcliffes@squarespace.com
30,Cathrine,21,ctippint@parallels.com
31,Tami,21,tfraniesu@senate.gov
32,Beulah,27,bastlattv@webeden.co.uk
33,Farah,23,fankerw@simplemachines.org
34,Christophe,28,cgrzelczakx@rambler.ru
35,Willis,30,wrasey@fotki.com
36,Moises,56,mcaslakez@hugedomains.com
37,Lorri,56,lgoodsir10@i2i.jp
38,Shep,45,sglennon11@ibm.com
39,Prissie,29,pdumphrey12@altervista.org
40,Hyacintha,37,hwharfe13@google.it
41,Marmaduke,45,mpriver14@miitbeian.gov.cn
42,Elfrieda,60,evink15@myspace.com
43,Phedra,45,pemps16@comcast.net
44,Erv,31,emaccollom17@xing.com
45,Kalila,33,kdodimead18@unicef.org
46,Clareta,37,ckingaby19@seattletimes.com
47,Goldi,53,ggrover1a@cocolog-nifty.com
48,Ashleigh,38,ahugill1b@mail.ru
49,Prudi,32,pvallentine1c@arstechnica.com
50,Vincenty,60,vabramchik1d@deliciousdays.com
51,Devon,49,dgredden1e@state.tx.us
52,Peria,59,pbardey1f@hubpages.com
53,Keven,51,kbenns1g@sogou.com
54,Mandie,51,mauten1h@google.nl
55,Jennilee,43,jvanderspohr1i@discuz.net
56,Valentin,41,vlohering1j@time.com
57,Hortense,35,hmaccostye1k@reference.com
58,Caty,42,cmcwaters1l@mysql.com
59,Murielle,56,mwhetnell1m@sakura.ne.jp
60,Myer,39,mrennenbach1n@canalblog.com
61,Delia,23,dgibbs1o@tuttocitta.it
62,Amber,50,asollis1p@purevolume.com
63,Ebeneser,38,edevitt1q@dell.com
64,Ingeborg,45,imobbs1r@purevolume.com
65,Garrik,34,gdanels1s@mapy.cz
66,Kiersten,52,klanghor1t@shutterfly.com
67,Dedie,57,dkos1u@oaic.gov.au
68,Tibold,42,tcrasswell1v@free.fr
69,Rana,49,rboddice1w@japanpost.jp
70,Carolyn,57,cregorz1x@yahoo.co.jp
71,Emmey,34,eboorer1y@apache.org
72,Elmer,58,emawson1z@cpanel.net
73,Nolie,23,nmularkey20@omniture.com
74,Merci,52,mygoe21@slideshare.net
75,Kassey,53,kmoseley22@tmall.com
